rodada;atleta_id;nome;time;adversario;mandante;posicao_id;pontos;CA;DS;FC;FF;I;FS;SG;G;FD;PS;DE;GS;PC;V;FT;A;GC;CV
1;100084;Igor Gomes;CAM;PAL;True;4;0.0;;;;;;;;;;;;;;;;;;
1;100342;Léo Andrade;REM;VIT;False;3;3.2;1.0;3.0;1.0;;;;;;;;;;;;;;;
1;100652;Yuri Alberto;COR;BAH;True;5;0.7;;;;1.0;1.0;;;;;;;;;;;;;
1;100742;Matheus Henrique;CRU;BOT;False;4;1.5;;1.0;;;;;;;;;;;;;;;;
1;100842;Ruan;CAM;PAL;True;3;-1.3;1.0;;1.0;;;;;;;;;;;;;;;
1;100898;Vitinho;BOT;CRU;True;2;7.7;;1.0;1.0;;;3.0;1.0;;;;;;;;;;;
1;100987;Nonato;FLU;GRE;True;4;6.4;1.0;;2.0;;;;;1.0;;;;;;;;;;
1;101254;Alef Manga;REM;VIT;False;5;0.9;;;1.0;1.0;1.0;1.0;;;;;;;;;;;;
1;101314;Ademir;BAH;COR;False;5;5.2;;1.0;;;;3.0;;;1.0;1.0;;;;;;;;
1;101393;Eduardo Doma;CHA;SAN;True;3;3.0;;2.0;;;;;;;;;;;;;;;;
1;101405;Wallisson;CFC;RBB;True;4;4.2;;3.0;1.0;;;;;;;;;;;;;;;
1;101574;Hugo Souza;COR;BAH;True;1;2.2;;;;;;;;;;;4.0;2.0;1.0;;;;;
1;101597;Ramon;VIT;REM;True;2;4.7;1.0;;1.0;;;2.0;1.0;;;;;;;;;;;
1;101727;Matheuzinho;COR;BAH;True;2;4.8;1.0;4.0;3.0;1.0;1.0;;;;;;;;;;;;;
1;101908;Willian Machado;MIR;VAS;True;3;0.0;1.0;;1.0;1.0;;1.0;;;;;;;;;;;;
1;101960;Vitinho;INT;CAP;True;5;1.9;;;1.0;1.0;1.0;3.0;;;;;;;;;;;;
1;102130;Piquerez;PAL;CAM;False;2;5.3;;2.0;;1.0;;3.0;;;;;;;;;;;;
1;102256;Rollheiser;SAN;CHA;False;4;2.5;;;;1.0;;1.0;;;1.0;;;;;;;;;
1;102667;Nathan Fogaça;MIR;VAS;True;5;-0.9;1.0;;2.0;1.0;1.0;;;;;;;;;;;;;
1;102796;Julimar;CAP;INT;False;5;0.8;;;;1.0;;;;;;;;;;;;;;
1;102911;Zé Ricardo;REM;VIT;False;4;0.1;1.0;1.0;3.0;;;1.0;;;;;;;;;;;;
1;102928;Canobbio;FLU;GRE;True;5;5.7;;2.0;1.0;1.0;;2.0;;;1.0;;;;;;;;;
1;103056;Gabriel Brazão;SAN;CHA;False;1;-6.0;1.0;;;;;;;;;;;4.0;1.0;;;;;
1;103445;Kaio Jorge;CRU;BOT;False;5;2.2;;;;3.0;2.0;;;;;;;;;;;;;
1;103767;Gabriel Menino;SAN;CHA;False;4;16.7;1.0;2.0;;3.0;1.0;4.0;;1.0;2.0;;;;;;;;;
1;103912;Hernán Crespo;SAO;FLA;True;6;7.59;;;;;;;;;;;;;;1.0;;;;
1;103987;Higor Meritão;CHA;SAN;True;4;13.4;;4.0;2.0;;;;;1.0;;;;;;;;;;
1;104027;Rafael Guanaes;MIR;VAS;True;6;4.8;;;;;;;;;;;;;;1.0;;;;
1;104075;Sabino;SAO;FLA;True;3;5.2;;3.0;1.0;;;2.0;;;;;;;;;;;;
1;104084;Carlos Miguel;PAL;CAM;False;1;-0.7;;;;;;;;;;;1.0;2.0;;;;;;
1;104134;Fabri;VIT;REM;True;5;5.4;;1.0;1.0;;;;;;1.0;;;;;;1.0;;;
1;104257;João Lucas;REM;VIT;False;2;2.2;;;1.0;1.0;;1.0;;;1.0;;;;;;;;;
1;104330;Dudu;VIT;REM;True;4;-0.3;;;1.0;;;;;;;;;;;;;;;
1;104470;Everton;CHA;SAN;True;2;2.7;;2.0;1.0;;;;;;;;;;;;;;;
1;104502;Christian;CRU;BOT;False;4;1.2;;1.0;1.0;;;;;;;;;;;;;;;
1;104519;Camilo;CHA;SAN;True;4;4.4;1.0;4.0;2.0;;;;;;;;;;;;;;;
1;104693;Newton;BOT;CRU;True;4;2.0;;1.0;;;;1.0;;;;;;;;;;;;
1;104754;Juan Vojvoda;SAN;CHA;False;6;5.21;;;;;;;;;;;;;;;;;;
1;104758;Enzo Díaz;SAO;FLA;True;2;9.2;;3.0;1.0;;;;;;;;;;;;;1.0;;
1;104783;Acevedo;BAH;COR;False;4;1.9;1.0;2.0;2.0;;;1.0;;;;;;;;;;;;
1;104811;Sebastián Gómez;CFC;RBB;True;4;2.0;;;;;;4.0;;;;;;;;;;;;
1;104994;Wagner Leonardo;GRE;FLU;False;3;3.9;;3.0;2.0;;;;;;;;;;;;;;;
1;105047;João Marcelo;CRU;BOT;False;3;-0.3;;;1.0;;;;;;;;;;;;;;;
1;105068;Reinier;CAM;PAL;True;4;1.7;;;;;;1.0;;;1.0;;;;;;;;;
1;105089;Tetê;GRE;FLU;False;5;3.3;;1.0;;1.0;;2.0;;;;;;;;;;;;
1;105114;Alexis Duarte;SAN;CHA;False;3;-1.3;1.0;;1.0;;;;;;;;;;;;;;;
1;105157;Villagra;INT;CAP;True;4;0.0;;;;;;;;;;;;;;;;;;
1;105175;Khellven;PAL;CAM;False;2;0.2;;2.0;1.0;;;1.0;;;;;;;;;;;1.0;
1;105213;Sant Anna;RBB;CFC;False;2;6.2;;;;;;;1.0;;1.0;;;;;;;;;
1;105214;Santiago Rodríguez;BOT;CRU;True;4;5.7;;3.0;1.0;;;3.0;;;;;;;;;;;;
1;105436;Carrascal;FLA;SAO;False;4;3.2;;;1.0;1.0;;3.0;;;1.0;;;;;;;;;
1;105531;Matheus Bidu;COR;BAH;True;2;5.1;;2.0;;;1.0;2.0;;;1.0;;;;;;;;;
1;105563;Carlos Vinícius;GRE;FLU;False;5;12.0;;2.0;1.0;1.0;;1.0;;1.0;;;;;;;;;;
1;105584;Lucas Piton;VAS;MIR;False;2;-0.3;;;1.0;;;;;;;;;;;;;;;
1;105647;Maurício;PAL;CAM;False;4;-0.8;1.0;;3.0;;1.0;;;;1.0;;;;;;;;;
1;105664;Walter Clar;CHA;SAN;True;2;9.5;;1.0;;;;;;1.0;;;;;;;;;;
1;105903;Aldo Filho;MIR;VAS;True;4;-0.6;;;2.0;;;;;;;;;;;;;;;
1;105949;Rochet;INT;CAP;True;1;1.8;;1.0;;;;;;;;;1.0;1.0;;;;;;
1;105990;Santiago Mingo;BAH;COR;False;3;0.5;;;;;;1.0;;;;;;;;;;;;
1;106104;Enamorado;GRE;FLU;False;5;1.2;;;;;;;;;1.0;;;;;;;;;
1;106202;Bruno Gomes;INT;CAP;True;4;5.1;;2.0;;2.0;;1.0;;;;;;;;;;;;
1;106294;Marcos Antônio;SAO;FLA;True;4;7.5;;5.0;;;;;;;;;;;;;;;;
1;106708;Igor Formiga;MIR;VAS;True;2;4.0;;2.0;1.0;1.0;;1.0;;;;;;;;;;;;
1;106822;Rodrigo Nestor;BAH;COR;False;4;0.0;;;;;;;;;;;;;;;;;;
1;107093;Luciano Juba;BAH;COR;False;2;6.2;;3.0;;;;1.0;;;1.0;;;;;;;;;
1;107172;Patrick de Paula;REM;VIT;False;4;1.8;1.0;1.0;1.0;2.0;;;;;;;;;;;;;;
1;107173;Michel Araújo;BAH;COR;False;4;-3.1;;;2.0;;;1.0;;;;;;;;;;;;1.0
1;107174;Bruno Tabata;INT;CAP;True;4;0.5;;;1.0;1.0;;;;;;;;;;;;;;
1;107231;Danilo;BOT;CRU;True;4;17.2;;1.0;1.0;;;;;2.0;;;;;;;;;;
1;107453;João Paulo;CHA;SAN;True;3;7.0;;1.0;;;;1.0;;;;;;;;;;1.0;;
1;107700;Eduardo Melo;REM;VIT;False;5;1.4;;1.0;;;1.0;;;;;;;;;;;;;
1;107873;Bobadilla;SAO;FLA;True;4;6.2;;4.0;3.0;;1.0;;;;1.0;;;;;;;;;
1;107985;Terán;CAP;INT;False;3;7.7;;2.0;1.0;;;;1.0;;;;;;;;;;;
1;107989;Carbonero;INT;CAP;True;5;0.5;;;;;;1.0;;;;;;;;;;;;
1;108474;Santi Moreno;FLU;GRE;True;5;-0.3;;;1.0;;;;;;;;;;;;;;;
1;108588;Tapia;SAO;FLA;True;5;1.5;;1.0;;;;;;;;;;;;;;;;
1;108713;Galeano;MIR;VAS;True;5;1.2;;;;;;;;;1.0;;;;;;;;;
1;109096;Plata;FLA;SAO;False;5;10.6;;;1.0;;;1.0;;1.0;2.0;;;;;;;;;
1;109127;Tiago Cóser;CFC;RBB;True;3;1.5;;1.0;;;;;;;;;;;;;;;;
1;109336;Rafael Carvalheira;CHA;SAN;True;4;9.2;;1.0;1.0;;;;;1.0;;;;;;;;;;
1;109401;Erick Pulga;BAH;COR;False;5;3.4;1.0;1.0;2.0;1.0;;3.0;;;1.0;;;;;;;;;
1;109573;Martinelli;FLU;GRE;True;4;1.7;;;1.0;1.0;;;;;1.0;;;;;;;;;
1;110426;Bernabéi;INT;CAP;True;2;1.0;1.0;1.0;2.0;;1.0;;;;1.0;;;;;;;;;
1;110506;Abel Ferreira;PAL;CAM;False;6;3.66;;;;;;;;;;;;;;;;;;
1;110510;Aguirre;INT;CAP;True;2;2.7;;2.0;1.0;;;;;;;;;;;;;;;
1;110715;Andrés Hurtado;RBB;CFC;False;2;4.2;1.0;;1.0;;;1.0;1.0;;;;;;;;;;;
1;110750;Gustavo Marques;RBB;CFC;False;3;9.7;;3.0;1.0;;;1.0;1.0;;;;;;;;;;;
1;110759;John Kennedy;FLU;GRE;True;5;1.6;;;2.0;;;2.0;;;1.0;;;;;;;;;
1;111246;Alix Vinicius;RBB;CFC;False;3;3.4;1.0;;2.0;;;;1.0;;;;;;;;;;;
1;111309;Gustavo Martins;GRE;FLU;False;3;10.2;;3.0;2.0;1.0;;1.0;;;;;;;;;;1.0;;
1;111466;Victor Gabriel;INT;CAP;True;3;3.0;;2.0;;;;;;;;;;;;;;;;
1;111831;Matheus Martins;BOT;CRU;True;5;10.0;;1.0;;;;1.0;;1.0;;;;;;;;;;
1;111879;Mateus Silva;VIT;REM;True;2;9.7;;2.0;2.0;1.0;;3.0;1.0;;;;;;;;;;;
1;112576;Vini Paulista;CFC;RBB;True;4;0.0;;;;;;;;;;;;;;;;;;
1;112709;Kaiki Bruno;CRU;BOT;False;2;2.2;;;1.0;1.0;;1.0;;;1.0;;;;;;;;;
1;112863;Ramón Sosa;PAL;CAM;False;5;1.7;;;;;;1.0;;;1.0;;;;;;;;;
1;112886;Lucas Barbosa;RBB;CFC;False;5;4.0;;1.0;3.0;1.0;1.0;3.0;;;1.0;;;;;;;;;
1;113034;Freytes;FLU;GRE;True;3;1.2;;1.0;1.0;;;;;;;;;;;;;;;
1;113103;Flaco López;PAL;CAM;False;5;16.1;;4.0;3.0;1.0;;2.0;;1.0;1.0;;;;;;;;;
1;113113;Benavídez;CAP;INT;False;2;9.2;;2.0;;1.0;1.0;1.0;1.0;;;;;;;;;;;
1;113359;Pablo Maia;SAO;FLA;True;4;0.0;;;;;;;;;;;;;;;;;;
1;113397;Cristian Olivera;BAH;COR;False;5;2.9;;1.0;1.0;;;1.0;;;1.0;;;;;;;;;
1;114802;Vitor Roque;PAL;CAM;False;5;7.6;1.0;;2.0;;;;;1.0;1.0;;;;;;;;;
1;115025;Miguelito;SAN;CHA;False;4;3.6;;1.0;;2.0;;1.0;;;;;;;;;;;;
1;115100;Matheus França;VAS;MIR;False;4;0.8;;;;1.0;;;;;;;;;;;;;;
1;115479;Paulo Pezzolano;INT;CAP;True;6;2.26;;;;;;;;;;;;;;;;;;
1;115914;Evertton Araújo;FLA;SAO;False;4;2.1;;;;2.0;;1.0;;;;;;;;;;;;
1;116034;Victor Hugo;CAM;PAL;True;4;9.5;;1.0;;;;;;1.0;;;;;;;;;;
1;116461;Jamerson;VIT;REM;True;2;6.5;;1.0;;;;;1.0;;;;;;;;;;;
1;116706;Andrés Gómez;VAS;MIR;False;5;6.0;;2.0;2.0;1.0;1.0;1.0;;;2.0;;;;;;;;;
1;117330;Robert Renan;VAS;MIR;False;3;1.9;;1.0;2.0;;;2.0;;;;;;;;;;;;
1;117403;Renato Marques;MIR;VAS;True;5;2.1;;;3.0;1.0;;2.0;;;1.0;;;;;;;;;
1;117632;Garro;COR;BAH;True;4;10.0;;1.0;;1.0;;3.0;;;1.0;;;;;;;1.0;;
1;117910;Breno Bidon;COR;BAH;True;4;14.7;1.0;2.0;1.0;;;4.0;;1.0;;;;;;;1.0;;;
1;117930;Lavega;CFC;RBB;True;5;1.5;;;1.0;1.0;;2.0;;;;;;;;;;;;
1;117965;Martín Anselmi;BOT;CRU;True;6;11.04;;;;;;;;;;;;;;1.0;;;;
1;118774;Alexsander;CAM;PAL;True;4;1.7;1.0;1.0;1.0;;;3.0;;;;;;;;;;;;
1;118775;Lautaro Díaz;SAN;CHA;False;5;5.8;;1.0;1.0;2.0;;;;;;;;;;;1.0;;;
1;120433;Léo Derik;CAP;INT;False;2;10.0;;3.0;;;;1.0;1.0;;;;;;;;;;;
1;121792;André;GRE;FLU;False;5;-1.0;1.0;;;;;;;;;;;;;;;;;
1;122394;Gustavinho;RBB;CFC;False;4;7.5;;2.0;3.0;1.0;;2.0;;;3.0;;;;;;;;;
1;122441;Kayky Almeida;REM;VIT;False;3;0.6;;1.0;3.0;;;;;;;;;;;;;;;
1;122485;Barros;VAS;MIR;False;4;9.0;;4.0;;;;6.0;;;;;;;;;;;;
1;122487;GB;VAS;MIR;False;5;0.0;;;;;;;;;;;;;;;;;;
1;122781;Caballero;SAN;CHA;False;5;1.6;;;;2.0;;;;;;;;;;;;;;
1;123625;Ítalo;CHA;SAN;True;5;2.9;;1.0;;;1.0;1.0;;;;1.0;;;;;;;;
1;123648;Lucas Ronier;CFC;RBB;True;5;5.0;;3.0;;;;1.0;;;;;;;;;;;;
1;123869;Aguirre;CAP;INT;False;3;6.7;;1.0;1.0;;;1.0;1.0;;;;;;;;;;;
1;124239;Henry Mosquera;RBB;CFC;False;5;2.9;;;1.0;1.0;;;;;2.0;;;;;;;;;
1;124481;Mateo Ponte;BOT;CRU;True;2;6.2;;1.0;1.0;;;;1.0;;;;;;;;;;;
1;124526;Giay;PAL;CAM;False;2;0.5;;;;;;1.0;;;;;;;;;;;;
1;124757;Nathan Fernandes;BOT;CRU;True;5;5.5;;;;;;1.0;;;;;;;;;;1.0;;
1;124912;Jonathan Jesus;CRU;BOT;False;3;0.0;;;;;;;;;;;;;;;;;;
1;125746;Dudu;CAP;INT;False;4;0.0;;;;;;;;;;;;;;;;;;
1;125803;Pedro Morisco;CFC;RBB;True;1;11.7;;;;;;2.0;;;;;9.0;1.0;;;;;;
1;125926;Zapelli;CAP;INT;False;4;2.5;;1.0;;;;2.0;;;;;;;;;;;;
1;126120;Marcelinho;RBB;CFC;False;4;6.3;;;1.0;2.0;;;;;;;;;;;;1.0;;
1;126182;Paulinho;INT;CAP;True;4;0.2;1.0;1.0;1.0;;;;;;;;;;;;;;;
1;126471;Barreal;SAN;CHA;False;4;12.6;;2.0;;2.0;;;;1.0;;;;;;;;;;
1;126977;Fernando Seabra;CFC;RBB;True;6;4.32;;;;;;;;;;;;;;;;;;
1;128433;Johan Rojas;VAS;MIR;False;4;1.7;;;1.0;1.0;;;;;1.0;;;;;;;;;
1;130414;Robert;CHA;SAN;True;4;3.0;;2.0;;;;;;;;;;;;;;;;
1;130608;Riquelme Fillipi;PAL;CAM;False;5;-0.3;;;1.0;;;;;;;;;;;;;;;
1;130612;Luighi;PAL;CAM;False;5;0.0;;;;;;;;;;;;;;;;;;
1;130650;Bernal;FLU;GRE;True;4;-0.3;;;1.0;;;;;;;;;;;;;;;
1;130843;Arthur Dias;CAP;INT;False;3;8.0;;2.0;;;;;1.0;;;;;;;;;;;
1;130906;Riquelme;CAP;INT;False;4;-0.3;;;1.0;;;;;;;;;;;;;;;
1;131832;Portilla;CAP;INT;False;4;-1.4;1.0;;3.0;;;1.0;;;;;;;;;;;;
1;132071;Serna;FLU;GRE;True;5;0.5;;;1.0;1.0;;;;;;;;;;;;;;
1;132264;Arroyo;CRU;BOT;False;5;1.7;;;;;;1.0;;;1.0;;;;;;;;;
1;132274;Ignacio Sosa;RBB;CFC;False;4;0.4;1.0;1.0;2.0;;;1.0;;;;;;;;;;;;
1;132553;Jemmes;FLU;GRE;True;3;5.5;;3.0;;;;2.0;;;;;;;;;;;;
1;132580;Vinicinho;RBB;CFC;False;5;0.0;;;;;;;;;;;;;;;;;;
1;133543;Gui Negão;COR;BAH;True;5;0.0;;;;;;;;;;;;;;;;;;
1;137542;Kaique Kenji;CRU;BOT;False;5;-0.5;1.0;;1.0;1.0;;;;;;;;;;;;;;
1;139076;Filipe Luís;FLA;SAO;False;6;3.95;;;;;;;;;;;;;;;;;;
1;141406;Andrey Fernandes;VAS;MIR;False;5;1.7;;;;;;1.0;;;1.0;;;;;;;;;
1;141451;Allan;PAL;CAM;False;4;1.9;;1.0;2.0;;;2.0;;;;;;;;;;;;
1;141611;Maik;SAO;FLA;True;2;2.7;;2.0;1.0;;;;;;;;;;;;;;;
1;141754;Gabriel Bontempo;SAN;CHA;False;4;0.0;;;;;;;;;;;;;;;;;;
1;141868;Vinicius Lira;SAN;CHA;False;2;3.5;;1.0;;1.0;;;;;1.0;;;;;;;;;
1;142004;Amuzu;GRE;FLU;False;5;1.7;;1.0;1.0;;;1.0;;;;;;;;;;;;
1;142265;Dell;BAH;COR;False;5;2.5;;1.0;;;;2.0;;;;;;;;;;;;
1;142279;Nuno Moreira;VAS;MIR;False;4;0.7;1.0;1.0;1.0;;;1.0;;;;;;;;;;;;
1;142484;Barrera;BOT;CRU;True;4;0.0;;;;;;;;;;;;;;;;;;
1;142867;Robinho Jr.;SAN;CHA;False;5;0.0;;;;;;;;;;;;;;;;;;
1;142890;Montoro;BOT;CRU;True;4;5.8;;;3.0;;;1.0;;;1.0;;;;;;;1.0;;
1;143193;Viveros;CAP;INT;False;5;10.2;;1.0;2.0;2.0;;3.0;;;1.0;;;;;;;1.0;;
1;143488;Raykkonen;INT;CAP;True;5;0.5;;;;;;1.0;;;;;;;;;;;;
1;145036;Fernando Pradella;SAN;CHA;False;5;0.0;;;;;;;;;;;;;;;;;;
1;145404;Arthur;PAL;CAM;False;2;-0.3;;;1.0;;;;;;;;;;;;;;;
1;145744;André;COR;BAH;True;4;6.5;;4.0;;;;1.0;;;;;;;;;;;;
1;146040;João Pedro;REM;VIT;False;5;-1.0;;;5.0;;;1.0;;;;;;;;;;;;
1;147883;João Vitor;VAS;MIR;False;5;0.0;;;;;;;;;;;;;;;;;;
1;37656;Fábio;FLU;GRE;True;1;2.1;;;;;;1.0;;;;;2.0;1.0;;;;;;
1;39148;Hulk;CAM;PAL;True;5;5.3;;;1.0;4.0;1.0;5.0;;;;;;;;;;;;
1;39656;Alan Franco;CAM;PAL;True;4;-0.1;1.0;1.0;2.0;;;;;;;;;;;;;;;
1;39850;Vagner Mancini;RBB;CFC;False;6;8.07;;;;;;;;;;;;;;1.0;;;;
1;40990;Dorival Júnior;COR;BAH;True;6;6.6;;;;;;;;;;;;;;;;;;
1;42135;Willian;GRE;FLU;False;4;-0.3;;;1.0;;;;;;;;;;;;;;;
1;42222;Osvaldo;VIT;REM;True;5;0.8;;;;1.0;;;;;;;;;;;;;;
1;42234;Cássio;CRU;BOT;False;1;-2.7;;;;;;;;;;;1.0;4.0;;;;;;
1;42500;Fagner;CRU;BOT;False;2;0.9;;1.0;2.0;;;;;;;;;;;;;;;
1;45125;Tite;CRU;BOT;False;6;1.37;;;;;;;;;;;;;;;;;;
1;51413;Walter;MIR;VAS;True;1;4.2;;;;;;;;;;;4.0;1.0;;;;;;
1;51772;Everton Ribeiro;BAH;COR;False;4;1.5;;1.0;;;;;;;;;;;;;;;;
1;61987;Alex Sandro;FLA;SAO;False;2;1.0;;;;;;2.0;;;;;;;;;;;;
1;62977;Ganso;FLU;GRE;True;4;-0.3;;;1.0;;;;;;;;;;;;;;;
1;63013;Marcos Rocha;GRE;FLU;False;2;0.0;;;;;;;;;;;;;;;;;;
1;63289;Edenílson;GRE;FLU;False;4;2.5;;1.0;1.0;1.0;;1.0;;;;;;;;;;;;
1;68685;Alan Patrick;INT;CAP;True;4;3.0;;;;1.0;;2.0;;;1.0;;;;;;;;;
1;68708;Eduardo;MIR;VAS;True;4;7.0;;;5.0;;;1.0;;1.0;;;;;;;;;;
1;68806;Neto;BOT;CRU;True;1;10.2;;;;;;;1.0;;;;4.0;;;;;;;
1;68899;Philippe Coutinho;VAS;MIR;False;4;10.8;;1.0;;1.0;;1.0;;1.0;;;;;;;;;;
1;68920;Dudu;CAM;PAL;True;5;2.5;;1.0;1.0;1.0;;1.0;;;;;;;;;;;;
1;68928;Rafael;SAO;FLA;True;1;4.2;;;;;;;;;;;4.0;1.0;;;;;;
1;68938;Giovanni Augusto;CHA;SAN;True;4;1.7;;1.0;1.0;;;1.0;;;;;;;;;;;;
1;68996;Willian José;BAH;COR;False;5;9.5;;1.0;;;;;;1.0;;;;;;;;;;
1;69012;Santos;CAP;INT;False;1;11.5;;;;;;;1.0;;;;5.0;;;;;;;
1;69140;Allan;BOT;CRU;True;4;2.8;1.0;1.0;1.0;2.0;;2.0;;;;;;;;;;;;
1;69208;Gabriel Paulista;COR;BAH;True;3;-0.3;;;1.0;;;;;;;;;;;;;;;
1;70164;Lucas Moura;SAO;FLA;True;4;-0.3;;;1.0;;;;;;;;;;;;;;;
1;70360;Eduardo Sasha;RBB;CFC;False;5;3.9;;1.0;;;;;;;2.0;;;;;;;;;
1;70449;Gabriel;VIT;REM;True;1;6.8;;;;;;1.0;1.0;;;;1.0;;;;;;;
1;70666;Marllon;REM;VIT;False;3;3.5;;2.0;;;;1.0;;;;;;;;;;;;
1;70800;Jorge Sampaoli;CAM;PAL;True;6;3.81;;;;;;;;;;;;;;;;;;
1;70944;Bruno Henrique;INT;CAP;True;4;2.2;;;1.0;1.0;;1.0;;;1.0;;;;;;;;;
1;70958;Jean Carlos;CHA;SAN;True;4;13.0;;;;;;;;1.0;;;;;;;;1.0;;
1;71043;Léo Vieira;CHA;SAN;True;1;2.2;1.0;;;;;;;;;;4.0;2.0;;;;;;
1;71123;Thiago Mendes;VAS;MIR;False;4;4.5;;2.0;;;;3.0;;;;;;;;;;;;
1;71227;Maicon;CFC;RBB;True;3;1.7;;1.0;1.0;;;1.0;;;;;;;;;;;;
1;71631;Weverton;GRE;FLU;False;1;3.2;;;;;;;;;;;4.0;2.0;;;;;;
1;71684;Gustavo Gómez;PAL;CAM;False;3;1.9;;1.0;2.0;;;2.0;;;;;;;;;;;;
1;72294;Everson;CAM;PAL;True;1;3.7;;;;;;1.0;;;;;4.0;2.0;;;;;;
1;72391;Fernando Diniz;VAS;MIR;False;6;4.0;;;;;;;;;;;;;;;;;;
1;72460;Bernard;CAM;PAL;True;4;-0.6;;;2.0;;;;;;;;;;;;;;;
1;72493;Alex Telles;BOT;CRU;True;2;8.0;;2.0;;;;;1.0;;;;;;;;;;;
1;73384;Samuel Xavier;FLU;GRE;True;2;3.7;;2.0;1.0;;;2.0;;;;;;;;;;;;
1;73481;Gilmar Dal Pozzo;CHA;SAN;True;6;7.95;;;;;;;;;;;;;;1.0;;;;
1;73717;Juan Carlos Osorio;REM;VIT;False;6;1.97;;;;;;;;;;;;;;;;;;
1;77485;Carrillo;COR;BAH;True;4;3.2;;2.0;1.0;;;1.0;;;;;;;;;;;;
1;77656;Cédric Soares;SAO;FLA;True;2;2.3;;1.0;;1.0;;;;;;;;;;;;;;
1;77777;João Schmidt;SAN;CHA;False;4;3.2;;2.0;1.0;;;1.0;;;;;;;;;;;;
1;78117;Everaldo;FLU;GRE;True;5;0.9;;;;;1.0;2.0;;;;;;;;;;;;
1;78248;Gustavo Henrique;COR;BAH;True;3;9.2;;5.0;1.0;1.0;;;;;1.0;;;;;;;;;
1;78435;Vitinho;COR;BAH;True;5;1.7;;1.0;1.0;;;1.0;;;;;;;;;;;;
1;78445;Renê;FLU;GRE;True;2;7.4;;1.0;1.0;;;;;;1.0;;;;;;;1.0;;
1;78605;Gabriel;RBB;CFC;False;4;0.7;1.0;1.0;1.0;;;1.0;;;;;;;;;;;;
1;78850;Reinaldo;MIR;VAS;True;2;0.8;;;;1.0;;;;;;;;;;;;;;
1;78855;Thiago Santos;CFC;RBB;True;3;0.0;;;;;;;;;;;;;;;;;;
1;79701;Lucas Silva;CRU;BOT;False;4;0.2;1.0;1.0;1.0;;;;;;;;;;;;;;;
1;80129;Jadson;CAP;INT;False;4;0.5;;;;;;1.0;;;;;;;;;;;;
1;80196;Yago Pikachu;REM;VIT;False;4;2.1;;;;2.0;;1.0;;;;;;;;;;;;
1;80287;Luciano;SAO;FLA;True;5;15.3;;2.0;1.0;3.0;;2.0;;1.0;1.0;;;;;;;;;
1;80313;Gilberto;BAH;COR;False;2;4.4;;;2.0;;;;;;;;;;;;;1.0;;
1;81952;Willian Oliveira;CFC;RBB;True;4;7.9;;5.0;2.0;;;2.0;;;;;;;;;;;;
1;82455;Zé Rafael;SAN;CHA;False;4;7.9;;;;3.0;;1.0;;;;;;;;;;1.0;;
1;82628;Tinga;CFC;RBB;True;2;5.0;;3.0;;;;1.0;;;;;;;;;;;;
1;82730;Marcelo Rangel;REM;VIT;False;1;3.2;;;;;;;;;;;4.0;2.0;;;;;;
1;83263;Yuri Lara;MIR;VAS;True;4;5.5;;3.0;;;;2.0;;;;;;;;;;;;
1;83433;Patrick;REM;VIT;False;4;1.3;;;;1.0;;1.0;;;;;;;;;;;;
1;83528;Léo Pereira;FLA;SAO;False;3;0.1;;;3.0;;;2.0;;;;;;;;;;;;
1;84339;Bruno Melo;CFC;RBB;True;2;2.1;1.0;2.0;1.0;;1.0;1.0;;;;;;;;;;;;
1;84558;Lucas Romero;CRU;BOT;False;4;2.2;;1.0;1.0;;;2.0;;;;;;;;;;;;
1;84626;Josué;CFC;RBB;True;4;-1.0;;1.0;1.0;1.0;;;;;;;;;;;;;;1.0
1;84735;Jorginho;FLA;SAO;False;4;-1.8;;1.0;1.0;;;;;;;;;;;;;;;1.0
1;84816;Varela;FLA;SAO;False;2;6.7;;4.0;1.0;;;2.0;;;;;;;;;;;;
1;84847;Luan Peres;SAN;CHA;False;3;1.7;;1.0;1.0;;;1.0;;;;;;;;;;;;
1;84927;Dodô;REM;VIT;False;4;-0.8;1.0;;1.0;;;1.0;;;;;;;;;;;;
1;85048;Memphis Depay;COR;BAH;True;5;3.7;;1.0;1.0;1.0;;1.0;;;1.0;;;;;;;;;
1;85403;Danielzinho;SAO;FLA;True;4;7.6;;;3.0;;;1.0;;1.0;;;;;;;;;;
1;85626;Léo;CAP;INT;False;3;4.7;;;1.0;;;;1.0;;;;;;;;;;;
1;86292;Bolasie;CHA;SAN;True;5;1.2;;1.0;1.0;;;;;;;;;;;;;;;
1;86757;Everton;FLA;SAO;False;5;3.2;;1.0;1.0;1.0;;;;;1.0;;;;;;;;;
1;86863;Luiz Otávio;MIR;VAS;True;3;1.5;;1.0;;;;;;;;;;;;;;;;
1;87008;Léo Jardim;VAS;MIR;False;1;1.9;;;;;;;;;;;3.0;2.0;;;;;;
1;87225;Pedro Henrique;RBB;CFC;False;3;4.5;1.0;;1.0;1.0;;;1.0;;;;;;;;;;;
1;87742;Neto Moura;MIR;VAS;True;4;0.5;;;1.0;1.0;;;;;;;;;;;;;;
1;87863;Arrascaeta;FLA;SAO;False;4;0.8;;;;1.0;;;;;;;;;;;;;;
1;87999;Gustavo Scarpa;CAM;PAL;True;4;0.5;;;;;;1.0;;;;;;;;;;;;
1;88037;Luís Castro;GRE;FLU;False;6;4.47;;;;;;;;;;;;;;;;;;
1;88312;Junior Alonso;CAM;PAL;True;3;3.5;;2.0;;;;1.0;;;;;;;;;;;;
1;89256;Gerson;CRU;BOT;False;4;1.4;;;2.0;;2.0;2.0;;;1.0;;;;;;;;;
1;89273;João Pedro;GRE;FLU;False;2;0.4;;;;;1.0;1.0;;;;;;;;;;;;
1;89274;Andreas Pereira;PAL;CAM;False;4;6.7;;1.0;2.0;1.0;;;;;;;;;;;;1.0;;
1;89837;Lucho Acosta;FLU;GRE;True;4;13.8;;3.0;;1.0;;1.0;;1.0;;;;;;;;;;
1;89840;Calleri;SAO;FLA;True;5;0.4;;;2.0;;;2.0;;;;;;;;;;;;
1;89883;Dodi;GRE;FLU;False;4;-1.1;1.0;;2.0;;;1.0;;;;;;;;;;;;
1;89918;Everton Galdino;MIR;VAS;True;5;0.5;;;;;;1.0;;;;;;;;;;;;
1;90031;Mendoza;CAP;INT;False;5;8.2;;;1.0;;;1.0;;1.0;;;;;;;;;;
1;90285;Bruno Henrique;FLA;SAO;False;5;0.8;;;;1.0;;;;;;;;;;;;;;
1;90302;Pedro Rocha;CFC;RBB;True;5;2.8;;;2.0;1.0;1.0;3.0;;;1.0;;;;;;;;;
1;90370;Matheus Pereira;COR;BAH;True;4;-0.3;;;1.0;;;;;;;;;;;;;;;
1;90532;Arthur Melo;GRE;FLU;False;4;5.7;;3.0;1.0;;;3.0;;;;;;;;;;;;
1;90588;Caíque;VIT;REM;True;4;0.4;;;2.0;;;2.0;;;;;;;;;;;;
1;90703;Matheuzinho;VIT;REM;True;4;4.0;;1.0;;1.0;;1.0;;;1.0;;;;;;;;;
1;90715;Luiz Fernando;CAP;INT;False;5;-0.3;;;1.0;;;;;;;;;;;;;;;
1;90768;Fabrício Bruno;CRU;BOT;False;3;0.5;;;;;;1.0;;;;;;;;;;;;
1;90943;Zé Marcos;VIT;REM;True;3;4.1;;;3.0;;;;1.0;;;;;;;;;;;
1;91101;Ronaldo;BAH;COR;False;1;4.2;;;;;;;;;;;4.0;1.0;;;;;;
1;91473;Erick Pulgar;FLA;SAO;False;4;3.5;;2.0;;;;1.0;;;;;;;;;;;;
1;91573;Arboleda;SAO;FLA;True;3;7.5;;5.0;;;;;;;;;;;;;;;;
1;91706;Marlon;GRE;FLU;False;2;4.6;;3.0;1.0;;1.0;1.0;;;;;;;;;;;;
1;91772;David Duarte;BAH;COR;False;3;0.9;;1.0;2.0;;;;;;;;;;;;;;;
1;91908;Pavón;GRE;FLU;False;5;2.9;;1.0;1.0;;;1.0;;;1.0;;;;;;;;;
1;92171;Arthur Cabral;BOT;CRU;True;5;7.1;;;1.0;3.0;;;;;;;;;;;;1.0;;
1;92180;Jair Ventura;VIT;REM;True;6;9.26;;;;;;;;;;;;;;1.0;;;;
1;92273;Odair Hellmann;CAP;INT;False;6;8.09;;;;;;;;;;;;;;1.0;;;;
1;92696;Renato Kayzer;VIT;REM;True;5;10.4;;;;1.0;1.0;1.0;;1.0;1.0;;;;;;;;;
1;92854;Borré;INT;CAP;True;5;2.4;;;2.0;1.0;2.0;;;;2.0;;;;;;;;;
1;92981;Ronaldo;INT;CAP;True;4;0.2;;;2.0;1.0;;;;;;;;;;;;;;
1;93411;Cantalapiedra;VIT;REM;True;4;0.5;;;1.0;1.0;;;;;;;;;;;;;;
1;93478;Wanderson;CRU;BOT;False;5;0.9;;;2.0;2.0;1.0;;;;;;;;;;;;;
1;93790;Marlon Freitas;PAL;CAM;False;4;1.4;;1.0;;;1.0;;;;;;;;;;;;;
1;93882;Cleiton;RBB;CFC;False;1;7.6;;;;;;;1.0;;;;2.0;;;;;;;
1;93988;Breno Lopes;CFC;RBB;True;5;1.1;;;;;1.0;;;;1.0;;;;;;;;;
1;94067;Matheus Fernandes;RBB;CFC;False;4;0.3;1.0;;1.0;2.0;;;;;;;;;;;;;;
1;94154;Maycon;CAM;PAL;True;4;2.5;;1.0;1.0;1.0;;1.0;;;;;;;;;;;;
1;94583;Pedro;FLA;SAO;False;5;6.4;;1.0;2.0;;;1.0;;;;;;;;;;1.0;;
1;94968;Juninho Capixaba;RBB;CFC;False;2;16.2;;;2.0;1.0;;;1.0;1.0;;;;;;;1.0;;;
1;95332;Marcinho;CHA;SAN;True;5;1.6;;1.0;1.0;;1.0;1.0;;;;;;;;;;;;
1;95466;Igor Vinícius;SAN;CHA;False;2;5.5;;;;;;1.0;;;;;;;;;;1.0;;
1;95556;Raniele;COR;BAH;True;4;11.4;1.0;8.0;3.0;1.0;;1.0;;;;;;;;;;;;
1;95799;Artur;BOT;CRU;True;5;8.0;;;;;;;;1.0;;;;;;;;;;
1;96591;Renan Lodi;CAM;PAL;True;2;11.2;1.0;4.0;4.0;;1.0;5.0;;;;;;;;;;1.0;;
1;96610;Matheus Pereira;CRU;BOT;False;4;3.7;;1.0;;;;2.0;;;1.0;;;;;;;;;
1;96793;Camutanga;VIT;REM;True;3;9.5;;1.0;;1.0;;2.0;1.0;;1.0;;;;;;;;;
1;97095;Carlos Cuesta;VAS;MIR;False;3;-1.1;;1.0;3.0;1.0;;1.0;;;;;;;;;;;1.0;
1;97321;Alesson;MIR;VAS;True;5;9.7;;2.0;1.0;1.0;;;;;1.0;;;;;;;1.0;;
1;97341;Rogério Ceni;BAH;COR;False;6;5.19;;;;;;;;;;;;;;1.0;;;;
1;97432;Victor Caetano;CHA;SAN;True;3;3.0;;2.0;;;;;;;;;;;;;;;;
1;97460;João Victor;MIR;VAS;True;3;1.5;;1.0;;;;;;;;;;;;;;;;
1;97468;Marçal;BOT;CRU;True;2;8.0;;2.0;;;;;1.0;;;;;;;;;;;
1;97642;Félix Torres;INT;CAP;True;3;-0.1;;;2.0;;;1.0;;;;;;;;;;;;
1;97653;Murilo;PAL;CAM;False;3;-0.9;;;3.0;;;;;;;;;;;;;;;
1;97735;Giovanni Pavani;REM;VIT;False;4;1.5;;1.0;;;;;;;;;;;;;;;;
1;97795;Marcelinho;REM;VIT;False;2;0.0;;;;;;;;;;;;;;;;;;
1;97810;Erick;VIT;REM;True;5;12.5;;;;2.0;1.0;2.0;;;;;;;;;;2.0;;
1;97867;Léo Ortiz;FLA;SAO;False;3;-0.3;;;1.0;;;;;;;;;;;;;;;
1;97878;Jacy;CFC;RBB;True;3;2.0;;1.0;;;;1.0;;;;;;;;;;;;
1;97906;Riccieli;VIT;REM;True;3;5.0;;;;;;;1.0;;;;;;;;;;;
1;97969;Marcos Vinícius;CHA;SAN;True;2;-1.3;1.0;;1.0;;;;;;;;;;;;;;;
1;98022;Erick;BAH;COR;False;4;0.0;;;;;;;;;;;;;;;;;;
1;98224;Jáderson;REM;VIT;False;4;1.7;;;1.0;;;4.0;;;;;;;;;;;;
1;98225;Pedro Raul;COR;BAH;True;5;0.0;;;;;;;;;;;;;;;;;;
1;98384;Negueba;MIR;VAS;True;5;4.8;;2.0;;1.0;;2.0;;;;;;;;;;;;
1;98517;Jean Lucas;BAH;COR;False;4;6.1;1.0;;3.0;;;;;1.0;;;;;;;;;;
1;98672;Savarino;FLU;GRE;True;4;0.5;;;;;;1.0;;;;;;;;;;;;
1;98873;Samuel Lino;FLA;SAO;False;5;6.5;;4.0;;;;1.0;;;;;;;;;;;;
1;98909;Cuello;CAM;PAL;True;5;1.8;;1.0;1.0;1.0;2.0;;;;;;;;;;;;;
1;99213;Puma Rodríguez;VAS;MIR;False;2;6.4;;1.0;;;1.0;;;;;;;;;;;1.0;;
1;99274;Alexander Barboza;BOT;CRU;True;3;6.2;;1.0;1.0;;;;1.0;;;;;;;;;;;
1;99366;Luis Zubeldía;FLU;GRE;True;6;5.55;;;;;;;;;;;;;;1.0;;;;
1;99440;Baralhas;VIT;REM;True;4;10.9;1.0;2.0;2.0;;;3.0;;1.0;;;;;;;;;;
1;99552;Rossi;FLA;SAO;False;1;0.6;;;;;;;;;;;2.0;2.0;;;;;;
1;99889;Alan Franco;SAO;FLA;True;3;3.2;;2.0;1.0;;;1.0;;;;;;;;;;;;