Contagem de DS;;rodada;
nome;time;1;Total Geral
Allan;BOT;1;1
;PAL;1;1
Vitinho;BOT;1;1
;COR;1;1
;INT;;
Matheuzinho;COR;1;1
;VIT;1;1
Aguirre;CAP;1;1
;INT;1;1
Alan Franco;CAM;1;1
;SAO;1;1
Everton;CHA;1;1
;FLA;1;1
Victor Hugo;CAM;1;1
Memphis Depay;COR;1;1
Lucas Ronier;CFC;1;1
Alexander Barboza;BOT;1;1
Robert;CHA;1;1
Alexsander;CAM;1;1
Kayky Almeida;REM;1;1
Acevedo;BAH;1;1
Marçal;BOT;1;1
Amuzu;GRE;1;1
Pedro;FLA;1;1
André;COR;1;1
;GRE;;
Terán;CAP;1;1
Andreas Pereira;PAL;1;1
Willian Oliveira;CFC;1;1
Andrés Gómez;VAS;1;1
Léo Derik;CAP;1;1
Arboleda;SAO;1;1
Luciano Juba;BAH;1;1
Arthur Dias;CAP;1;1
Marlon;GRE;1;1
Arthur Melo;GRE;1;1
Nuno Moreira;VAS;1;1
Baralhas;VIT;1;1
Rafael Carvalheira;CHA;1;1
Barreal;SAN;1;1
Samuel Lino;FLA;1;1
Barros;VAS;1;1
Tinga;CFC;1;1
Benavídez;CAP;1;1
Wagner Leonardo;GRE;1;1
Bernabéi;INT;1;1
Josué;CFC;1;1
Bobadilla;SAO;1;1
Lautaro Díaz;SAN;1;1
Bolasie;CHA;1;1
Lucas Barbosa;RBB;1;1
Breno Bidon;COR;1;1
Lucho Acosta;FLU;1;1
Bruno Gomes;INT;1;1
Maicon;CFC;1;1
Bruno Melo;CFC;1;1
Marcos Antônio;SAO;1;1
Camilo;CHA;1;1
Ademir;BAH;1;1
Camutanga;VIT;1;1
Negueba;MIR;1;1
Canobbio;FLU;1;1
Paulinho;INT;1;1
Carlos Cuesta;VAS;1;1
Piquerez;PAL;1;1
Carlos Vinícius;GRE;1;1
Renan Lodi;CAM;1;1
Carrillo;COR;1;1
Rochet;INT;1;1
Cédric Soares;SAO;1;1
Santiago Rodríguez;BOT;1;1
Christian;CRU;1;1
Thiago Mendes;VAS;1;1
Cristian Olivera;BAH;1;1
Victor Caetano;CHA;1;1
Cuello;CAM;1;1
Alesson;MIR;1;1
Danilo;BOT;1;1
Walter Clar;CHA;1;1
David Duarte;BAH;1;1
Zapelli;CAP;1;1
Dell;BAH;1;1
Zé Ricardo;REM;1;1
Dudu;CAM;1;1
;CAP;;
;VIT;;
Khellven;PAL;1;1
Edenílson;GRE;1;1
Léo Andrade;REM;1;1
Eduardo Doma;CHA;1;1
Luan Peres;SAN;1;1
Eduardo Melo;REM;1;1
Lucas Romero;CRU;1;1
Eduardo Sasha;RBB;1;1
Lucas Silva;CRU;1;1
Enzo Díaz;SAO;1;1
Luciano;SAO;1;1
Erick Pulga;BAH;1;1
Luiz Otávio;MIR;1;1
Erick Pulgar;FLA;1;1
Maik;SAO;1;1
Marlon Freitas;PAL;1;1
Marcinho;CHA;1;1
Mateo Ponte;BOT;1;1
Marllon;REM;1;1
Matheus Bidu;COR;1;1
Alex Telles;BOT;1;1
Matheus Martins;BOT;1;1
Mateus Silva;VIT;1;1
Everton Ribeiro;BAH;1;1
Matheus Henrique;CRU;1;1
Fabri;VIT;1;1
Matheus Pereira;COR;;
;CRU;1;1
Fagner;CRU;1;1
Maycon;CAM;1;1
Flaco López;PAL;1;1
Miguelito;SAN;1;1
Freytes;FLU;1;1
Newton;BOT;1;1
Gabriel;RBB;1;1
;VIT;;
Patrick de Paula;REM;1;1
Gabriel Menino;SAN;1;1
Pavón;GRE;1;1
Garro;COR;1;1
Philippe Coutinho;VAS;1;1
Giovanni Augusto;CHA;1;1
Puma Rodríguez;VAS;1;1
Giovanni Pavani;REM;1;1
Raniele;COR;1;1
Gustavinho;RBB;1;1
Renê;FLU;1;1
Gustavo Gómez;PAL;1;1
Robert Renan;VAS;1;1
Gustavo Henrique;COR;1;1
Sabino;SAO;1;1
Gustavo Marques;RBB;1;1
Samuel Xavier;FLU;1;1
Gustavo Martins;GRE;1;1
Tapia;SAO;1;1
Higor Meritão;CHA;1;1
Tetê;GRE;1;1
Ignacio Sosa;RBB;1;1
Tiago Cóser;CFC;1;1
Igor Formiga;MIR;1;1
Varela;FLA;1;1
Ítalo;CHA;1;1
Victor Gabriel;INT;1;1
Jacy;CFC;1;1
Vinicius Lira;SAN;1;1
Jamerson;VIT;1;1
Viveros;CAP;1;1
Jemmes;FLU;1;1
Wallisson;CFC;1;1
João Paulo;CHA;1;1
Willian José;BAH;1;1
João Schmidt;SAN;1;1
Yuri Lara;MIR;1;1
João Victor;MIR;1;1
Jorginho;FLA;1;1
Junior Alonso;CAM;1;1
Danielzinho;SAO;;
Rafael;SAO;;
Borré;INT;;
Jorge Sampaoli;CAM;;
Henry Mosquera;RBB;;
Arroyo;CRU;;
Jean Carlos;CHA;;
Eduardo;MIR;;
Pedro Morisco;CFC;;
Juan Carlos Osorio;REM;;
Reinier;CAM;;
Juan Vojvoda;SAN;;
Rossi;FLA;;
Julimar;CAP;;
Alix Vinicius;RBB;;
Juninho Capixaba;RBB;;
João Marcelo;CRU;;
Breno Lopes;CFC;;
Zé Rafael;SAN;;
Abel Ferreira;PAL;;
Barrera;BOT;;
Kaio Jorge;CRU;;
Ramón Sosa;PAL;;
Kaique Kenji;CRU;;
Gustavo Scarpa;CAM;;
Arthur;PAL;;
Rodrigo Nestor;BAH;;
Bruno Henrique;FLA;;
;INT;;
Bernal;FLU;;
Enamorado;GRE;;
Serna;FLU;;
Lavega;CFC;;
Tite;CRU;;
Léo;CAP;;
Vinicinho;RBB;;
Arthur Cabral;BOT;;
Dorival Júnior;COR;;
Erick;BAH;;
;VIT;;
Yuri Alberto;COR;;
Léo Jardim;VAS;;
Carrascal;FLA;;
Léo Ortiz;FLA;;
Pedro Rocha;CFC;;
Léo Pereira;FLA;;
Portilla;CAP;;
Léo Vieira;CHA;;
Rafael Guanaes;MIR;;
Bruno Tabata;INT;;
Raykkonen;INT;;
Caballero;SAN;;
Renato Kayzer;VIT;;
Lucas Moura;SAO;;
Riquelme;CAP;;
Lucas Piton;VAS;;
Robinho Jr.;SAN;;
Everaldo;FLU;;
Rollheiser;SAN;;
Everson;CAM;;
Hugo Souza;COR;;
Caíque;VIT;;
Santi Moreno;FLU;;
Everton Galdino;MIR;;
Savarino;FLU;;
Calleri;SAO;;
Igor Vinícius;SAN;;
Evertton Araújo;FLA;;
Jáderson;REM;;
Luighi;PAL;;
Jair Ventura;VIT;;
Luís Castro;GRE;;
Villagra;INT;;
Luis Zubeldía;FLU;;
João Lucas;REM;;
Luiz Fernando;CAP;;
João Pedro;GRE;;
;REM;;
Fábio;FLU;;
Weverton;GRE;;
Alex Sandro;FLA;;
João Vitor;VAS;;
Fabrício Bruno;CRU;;
John Kennedy;FLU;;
Aldo Filho;MIR;;
Alexis Duarte;SAN;;
Marcelinho;RBB;;
;REM;;
Pedro Henrique;RBB;;
Marcelo Rangel;REM;;
Pedro Raul;COR;;
Félix Torres;INT;;
Gui Negão;COR;;
Fernando Diniz;VAS;;
Plata;FLA;;
Marcos Rocha;GRE;;
Cássio;CRU;;
Marcos Vinícius;CHA;;
Alan Patrick;INT;;
Fernando Pradella;SAN;;
Ramon;VIT;;
Fernando Seabra;CFC;;
Andrés Hurtado;RBB;;
Filipe Luís;FLA;;
Reinaldo;MIR;;
Martín Anselmi;BOT;;
Cleiton;RBB;;
Martinelli;FLU;;
Renato Marques;MIR;;
Artur;BOT;;
Riccieli;VIT;;
Cantalapiedra;VIT;;
Riquelme Fillipi;PAL;;
Carbonero;INT;;
Hernán Crespo;SAO;;
Matheus Fernandes;RBB;;
Andrey Fernandes;VAS;;
Matheus França;VAS;;
Rogério Ceni;BAH;;
Gabriel Bontempo;SAN;;
Ronaldo;BAH;;
;INT;;
Gabriel Brazão;SAN;;
Ruan;CAM;;
Alef Manga;REM;;
Hulk;CAM;;
Gabriel Paulista;COR;;
Sant Anna;RBB;;
Maurício;PAL;;
Santiago Mingo;BAH;;
Galeano;MIR;;
Santos;CAP;;
Ganso;FLU;;
Sebastián Gómez;CFC;;
Mendoza;CAP;;
Igor Gomes;CAM;;
Michel Araújo;BAH;;
Bernard;CAM;;
Carlos Miguel;PAL;;
Thiago Santos;CFC;;
Montoro;BOT;;
Jadson;CAP;;
Murilo;PAL;;
Vagner Mancini;RBB;;
Nathan Fernandes;BOT;;
Arrascaeta;FLA;;
Nathan Fogaça;MIR;;
Jean Lucas;BAH;;
GB;VAS;;
Vini Paulista;CFC;;
Neto;BOT;;
Dodi;GRE;;
Neto Moura;MIR;;
Vitor Roque;PAL;;
Gerson;CRU;;
Dodô;REM;;
Nonato;FLU;;
Walter;MIR;;
Giay;PAL;;
Wanderson;CRU;;
Odair Hellmann;CAP;;
Willian;GRE;;
Osvaldo;VIT;;
Willian Machado;MIR;;
Pablo Maia;SAO;;
Yago Pikachu;REM;;
Patrick;REM;;
Johan Rojas;VAS;;
Gilberto;BAH;;
Zé Marcos;VIT;;
Gilmar Dal Pozzo;CHA;;
Jonathan Jesus;CRU;;
Paulo Pezzolano;INT;;
Kaiki Bruno;CRU;;
Total Geral;;156;156